
-- V1__init_schema.sql

CREATE TABLE worker (
	worker_id CHAR(7) PRIMARY KEY,
	worker_name VARCHAR(100) NOT NULL,
	age INT NOT NULL
);

CREATE TABLE skill_master (
	skill_id INT PRIMARY KEY,
	skill_name VARCHAR(100) NOT NULL,
	process_skill_sub_category_cd INT NOT NULL
);

CREATE TABLE worker_skill (
	worker_id CHAR(7) NOT NULL,
	skill_id INT NOT NULL,
	skill_level INT NOT NULL,
	productivity INT NOT NULL
);

CREATE TABLE shift_template (
	shift_id INT PRIMARY KEY,
	shift_name VARCHAR(50) NOT NULL,
	start_time TIME NOT NULL,
	end_time TIME NOT NULL
);

CREATE TABLE worker_shift (
	worker_id CHAR(7) NOT NULL,
	day_of_week VARCHAR(10) NOT NULL,
	shift_id INT NOT NULL,
    break_duration INT NOT NULL DEFAULT 60 -- in minutes
);

-- Example task table, update references to use worker_id if needed
CREATE TABLE task (
	id BIGINT PRIMARY KEY,
	skill_id INT NOT NULL,
	task_name VARCHAR(100) NOT NULL,
	task_type VARCHAR(20) NOT NULL,
	priority INT NOT NULL DEFAULT 0,
	dependent_task_id BIGINT NULL,
	task_count INT NOT NULL DEFAULT 1
);

CREATE TABLE assignment (
	id BIGINT AUTO_INCREMENT PRIMARY KEY,
	worker_id CHAR(7) NOT NULL,
	task_id BIGINT NOT NULL,
	assigned_at TIMESTAMP NOT NULL DEFAULT CURRENT_TIMESTAMP,
	status VARCHAR(20) NOT NULL DEFAULT 'PENDING',
	feedback VARCHAR(255) DEFAULT NULL
);

-- Skill Master
INSERT INTO skill_master (skill_id, skill_name, process_skill_sub_category_cd) VALUES
(100, 'Receive', 7000),
(120, 'Stow', 7000),
(121, 'D2B', 7000),
(200, 'Pick_Paperless', 8000),
(211, 'Pick_Paper', 8000),
(220, 'Induction', 8001),
(221, 'DPS', 8001),
(230, 'Rebin_Manual', 8001),
(231, 'Rebin_DAS', 8001),
(240, 'Pack', 8002),
(260, 'Gift', 8002),
(250, 'Pick to Go Paperless', 8002),
(300, 'ShipSort', 7002),
(500, 'Maintenance', 3001),
(600, 'QA', 3001),
(400, 'Forklift', 3001),
(700, 'Management', 3002),
(243, 'Pack_Return', 8002),
(241, 'Pack_Paperless', 8002),
(242, 'Pack_Paper', 8002),
(251, 'Pick to Go Paper', 8002);
-- Set a default for any skills not matched above (optional)
UPDATE skill_master SET process_skill_sub_category_cd = 7000 WHERE process_skill_sub_category_cd IS NULL;


-- Shift Templates
INSERT INTO shift_template (shift_id, shift_name, start_time, end_time) VALUES
(1, 'Morning', '08:00:00', '16:00:00'),
(2, 'Evening', '16:00:00', '00:00:00'),
(3, 'Night', '00:00:00', '08:00:00'),
(4, 'Day Short', '09:00:00', '15:00:00'),
(5, 'Late Start', '10:00:00', '18:00:00');

-- worker sample data
INSERT INTO worker (worker_id,worker_name,age) VALUES
	 ('A1B2C3D','Alice Smith',28),
	 ('A1B2C3Q','Joe',25),
	 ('B1C2D3E','Beth Owen',31),
	 ('B4C5D6E','Nina Reed',24),
	 ('B7C8D9E','Gina Tate',30),
	 ('C1D2E3F','Usha Ives',33),
	 ('C4D5E6F','Hannah Scott',27),
	 ('C7D8E9F','Ava Nash',28),
	 ('D1E2F3G','Vik Jay',28),
	 ('D1E2F4G','Nate Cole',26);
INSERT INTO worker (worker_id,worker_name,age) VALUES
	 ('D4E5F6G','Iris Wood',30),
	 ('D7E8F9G','Uma Fox',32),
	 ('E4F5G6H','Bob Johnson',35),
	 ('F1G2H3I','Hugo Voss',31),
	 ('F4G5H6I','Carl Pike',29),
	 ('F7G8H9I','Oscar Price',36),
	 ('G1H2I3J','Ben Owen',34),
	 ('G4H5I6J','Vera Jay',28),
	 ('G7H8I9J','Ian Turner',34),
	 ('H1I2J3K','Victor Gray',30);
INSERT INTO worker (worker_id,worker_name,age) VALUES
	 ('H4I5J6K','Walt Kent',34),
	 ('H4I5J7K','Olga Drew',30),
	 ('H7I8J9K','Joel Xian',33),
	 ('I7J8K9L','Charlie Lee',41),
	 ('J1K2L3M','Paula Bell',29),
	 ('J4K5L6M','Ivy West',29),
	 ('J7K8L9M','Dana Reed',27),
	 ('K1L2M3N','Julia Evans',31),
	 ('K4L5M6N','Cara Page',27),
	 ('K7L8M9N','Will Kent',34);
INSERT INTO worker (worker_id,worker_name,age) VALUES
	 ('L1M2N3O','Kian Yule',29),
	 ('L4M5N6O','Wendy Hill',26),
	 ('L7M8N2O','Paul East',32),
	 ('L7M8N9O','Yani Long',25),
	 ('M1N2O3P','Diana King',30),
	 ('N1O2P3Q','Eli Snow',32),
	 ('N4O5P6Q','Quentin Ross',40),
	 ('N7O8P9Q','Jake York',33),
	 ('O1P2Q3R','Yuri Long',25),
	 ('O4P5Q6R','Kevin Harris',26);
INSERT INTO worker (worker_id,worker_name,age) VALUES
	 ('O7P8Q9R','Dean Quinn',36),
	 ('P1Q2R3S','Zed Moon',36),
	 ('P1Q2R4S','Rita Ford',29),
	 ('P4Q5R6S','Lila Zorn',27),
	 ('P7Q8R9S','Xander King',31),
	 ('Q4R5S6T','Evan Wright',25),
	 ('R1S2T3U','Kara Zane',27),
	 ('R4S5T6U','Fay Todd',28),
	 ('R7S8T9U','Rachel Ward',28),
	 ('S1T2U3V','Ella Rose',25);
INSERT INTO worker (worker_id,worker_name,age) VALUES
	 ('S4T5U6V','Zoe Moon',36),
	 ('S7T8U9V','Laura Young',33),
	 ('T1U2V3W','Yara Lane',33),
	 ('T4U5V6W','Sara Gale',31),
	 ('T7U8V9W','Mick Abel',31),
	 ('U7V8W9X','Fiona Adams',32),
	 ('V1W2X3Y','Sam Green',27),
	 ('V4W5X6Y','Liam Abel',28),
	 ('V7W8X9Y','Gus Upton',35),
	 ('W1X2Y3Z','Mike Baker',38);
INSERT INTO worker (worker_id,worker_name,age) VALUES
	 ('W4X5Y6Z','Finn Shaw',32),
	 ('W7X8Y9Z','Alan Neal',30),
	 ('X1Y2Z3A','Nora Bond',28),
	 ('X4Y5Z6A','Zane Moss',29),
	 ('X7Y8Z9A','Tom Hope',27),
	 ('Y1Z2A3B','George Clark',29),
	 ('Z1A2B3C','Hope Vale',26),
	 ('Z4A5B6C','Tina Hall',35),
	 ('Z7A8B9C','Mona Bond',35);

-- worker shift sample data
INSERT INTO worker_shift (worker_id,day_of_week,shift_id) VALUES
	 ('A1B2C3D','MONDAY',1),
	 ('A1B2C3D','TUESDAY',1),
	 ('A1B2C3D','WEDNESDAY',2),
	 ('A1B2C3D','THURSDAY',1),
	 ('A1B2C3D','FRIDAY',3),
	 ('E4F5G6H','MONDAY',2),
	 ('E4F5G6H','TUESDAY',2),
	 ('E4F5G6H','WEDNESDAY',2),
	 ('E4F5G6H','THURSDAY',3),
	 ('E4F5G6H','FRIDAY',1);
INSERT INTO worker_shift (worker_id,day_of_week,shift_id) VALUES
	 ('I7J8K9L','MONDAY',3),
	 ('I7J8K9L','TUESDAY',3),
	 ('I7J8K9L','WEDNESDAY',1),
	 ('I7J8K9L','THURSDAY',4),
	 ('I7J8K9L','FRIDAY',5),
	 ('M1N2O3P','MONDAY',1),
	 ('M1N2O3P','TUESDAY',1),
	 ('M1N2O3P','WEDNESDAY',2),
	 ('M1N2O3P','THURSDAY',1),
	 ('M1N2O3P','FRIDAY',3);
INSERT INTO worker_shift (worker_id,day_of_week,shift_id) VALUES
	 ('Q4R5S6T','MONDAY',2),
	 ('Q4R5S6T','TUESDAY',2),
	 ('Q4R5S6T','WEDNESDAY',2),
	 ('Q4R5S6T','THURSDAY',3),
	 ('Q4R5S6T','FRIDAY',1),
	 ('U7V8W9X','MONDAY',3),
	 ('U7V8W9X','TUESDAY',3),
	 ('U7V8W9X','WEDNESDAY',1),
	 ('U7V8W9X','THURSDAY',4),
	 ('U7V8W9X','FRIDAY',5);
INSERT INTO worker_shift (worker_id,day_of_week,shift_id) VALUES
	 ('Y1Z2A3B','MONDAY',1),
	 ('Y1Z2A3B','TUESDAY',1),
	 ('Y1Z2A3B','WEDNESDAY',2),
	 ('Y1Z2A3B','THURSDAY',1),
	 ('Y1Z2A3B','FRIDAY',3),
	 ('C4D5E6F','MONDAY',2),
	 ('C4D5E6F','TUESDAY',2),
	 ('C4D5E6F','WEDNESDAY',2),
	 ('C4D5E6F','THURSDAY',3),
	 ('C4D5E6F','FRIDAY',1);
INSERT INTO worker_shift (worker_id,day_of_week,shift_id) VALUES
	 ('G7H8I9J','MONDAY',3),
	 ('G7H8I9J','TUESDAY',3),
	 ('G7H8I9J','WEDNESDAY',1),
	 ('G7H8I9J','THURSDAY',4),
	 ('G7H8I9J','FRIDAY',5),
	 ('K1L2M3N','MONDAY',1),
	 ('K1L2M3N','TUESDAY',1),
	 ('K1L2M3N','WEDNESDAY',2),
	 ('K1L2M3N','THURSDAY',1),
	 ('K1L2M3N','FRIDAY',3);
INSERT INTO worker_shift (worker_id,day_of_week,shift_id) VALUES
	 ('O4P5Q6R','MONDAY',2),
	 ('O4P5Q6R','TUESDAY',2),
	 ('O4P5Q6R','WEDNESDAY',2),
	 ('O4P5Q6R','THURSDAY',3),
	 ('O4P5Q6R','FRIDAY',1),
	 ('S7T8U9V','MONDAY',3),
	 ('S7T8U9V','TUESDAY',3),
	 ('S7T8U9V','WEDNESDAY',1),
	 ('S7T8U9V','THURSDAY',4),
	 ('S7T8U9V','FRIDAY',5);
INSERT INTO worker_shift (worker_id,day_of_week,shift_id) VALUES
	 ('W1X2Y3Z','MONDAY',1),
	 ('W1X2Y3Z','TUESDAY',1),
	 ('W1X2Y3Z','WEDNESDAY',2),
	 ('W1X2Y3Z','THURSDAY',1),
	 ('W1X2Y3Z','FRIDAY',3),
	 ('A1B2C3Q','Monday',1);

-- worker skills sample data
INSERT INTO worker_skill (worker_id,skill_id,skill_level,productivity) VALUES
	 ('A1B2C3D',100,4,95),
	 ('A1B2C3D',240,3,88),
	 ('E4F5G6H',120,4,92),
	 ('E4F5G6H',231,2,75),
	 ('I7J8K9L',200,3,80),
	 ('I7J8K9L',221,4,90),
	 ('A1B2C3D',100,4,95),
	 ('A1B2C3D',240,3,88),
	 ('A1B2C3D',231,2,75),
	 ('E4F5G6H',120,4,92);
INSERT INTO worker_skill (worker_id,skill_id,skill_level,productivity) VALUES
	 ('E4F5G6H',231,2,75),
	 ('E4F5G6H',221,3,80),
	 ('I7J8K9L',200,3,80),
	 ('I7J8K9L',221,4,90),
	 ('I7J8K9L',243,2,70),
	 ('M1N2O3P',240,4,97),
	 ('M1N2O3P',100,3,85),
	 ('Q4R5S6T',251,2,60),
	 ('Q4R5S6T',211,3,78),
	 ('U7V8W9X',100,3,80);
INSERT INTO worker_skill (worker_id,skill_id,skill_level,productivity) VALUES
	 ('U7V8W9X',120,2,70),
	 ('U7V8W9X',231,4,95),
	 ('Y1Z2A3B',221,3,85),
	 ('Y1Z2A3B',240,2,65),
	 ('C4D5E6F',200,4,90),
	 ('C4D5E6F',231,3,80),
	 ('G7H8I9J',100,2,60),
	 ('G7H8I9J',243,4,98),
	 ('K1L2M3N',120,3,75),
	 ('K1L2M3N',221,2,68);
INSERT INTO worker_skill (worker_id,skill_id,skill_level,productivity) VALUES
	 ('O4P5Q6R',231,4,95),
	 ('O4P5Q6R',240,3,85),
	 ('S7T8U9V',100,2,60),
	 ('S7T8U9V',243,4,98),
	 ('W1X2Y3Z',120,3,75),
	 ('W1X2Y3Z',221,2,68),
	 ('B4C5D6E',231,4,95),
	 ('B4C5D6E',240,3,85),
	 ('F7G8H9I',100,2,60),
	 ('F7G8H9I',243,4,98);
INSERT INTO worker_skill (worker_id,skill_id,skill_level,productivity) VALUES
	 ('J1K2L3M',120,3,75),
	 ('J1K2L3M',221,2,68),
	 ('N4O5P6Q',231,4,95),
	 ('N4O5P6Q',240,3,85),
	 ('R7S8T9U',100,2,60),
	 ('R7S8T9U',243,4,98),
	 ('V1W2X3Y',120,3,75),
	 ('V1W2X3Y',221,2,68),
	 ('Z4A5B6C',231,4,95),
	 ('Z4A5B6C',240,3,85);
INSERT INTO worker_skill (worker_id,skill_id,skill_level,productivity) VALUES
	 ('D7E8F9G',100,2,60),
	 ('D7E8F9G',243,4,98),
	 ('H1I2J3K',120,3,75),
	 ('H1I2J3K',221,2,68),
	 ('L4M5N6O',231,4,95),
	 ('L4M5N6O',240,3,85),
	 ('P7Q8R9S',100,2,60),
	 ('P7Q8R9S',243,4,98),
	 ('T1U2V3W',120,3,75),
	 ('T1U2V3W',221,2,68);
INSERT INTO worker_skill (worker_id,skill_id,skill_level,productivity) VALUES
	 ('X4Y5Z6A',231,4,95),
	 ('X4Y5Z6A',240,3,85),
	 ('C7D8E9F',100,2,60),
	 ('C7D8E9F',243,4,98),
	 ('G1H2I3J',120,3,75),
	 ('G1H2I3J',221,2,68),
	 ('K4L5M6N',231,4,95),
	 ('K4L5M6N',240,3,85),
	 ('O7P8Q9R',100,2,60),
	 ('O7P8Q9R',243,4,98);
INSERT INTO worker_skill (worker_id,skill_id,skill_level,productivity) VALUES
	 ('S1T2U3V',120,3,75),
	 ('S1T2U3V',221,2,68),
	 ('W4X5Y6Z',231,4,95),
	 ('W4X5Y6Z',240,3,85),
	 ('B7C8D9E',100,2,60),
	 ('B7C8D9E',243,4,98),
	 ('F1G2H3I',120,3,75),
	 ('F1G2H3I',221,2,68),
	 ('J4K5L6M',231,4,95),
	 ('J4K5L6M',240,3,85);
INSERT INTO worker_skill (worker_id,skill_id,skill_level,productivity) VALUES
	 ('N7O8P9Q',100,2,60),
	 ('N7O8P9Q',243,4,98),
	 ('R1S2T3U',120,3,75),
	 ('R1S2T3U',221,2,68),
	 ('V4W5X6Y',231,4,95),
	 ('V4W5X6Y',240,3,85),
	 ('Z7A8B9C',100,2,60),
	 ('Z7A8B9C',243,4,98),
	 ('D1E2F3G',120,3,75),
	 ('D1E2F3G',221,2,68);
INSERT INTO worker_skill (worker_id,skill_id,skill_level,productivity) VALUES
	 ('H4I5J6K',231,4,95),
	 ('H4I5J6K',240,3,85),
	 ('L7M8N9O',100,2,60),
	 ('L7M8N9O',243,4,98),
	 ('P1Q2R3S',120,3,75),
	 ('P1Q2R3S',221,2,68),
	 ('A1B2C3Q',100,3,96);

-- task sample data
INSERT INTO task (id,skill_id,task_name,task_type,priority,dependent_task_id,task_count) VALUES
	 (1,100,'Receive','In',1,NULL,800),
	 (2,120,'Stow','In',2,1,700),
	 (3,121,'D2B','In',3,2,600),
	 (4,121,'D2B (carryover)','In',3,NULL,200),
	 (5,200,'Pick_Paperless','Out',1,NULL,900),
	 (6,211,'Pick_Paper','Out',1,NULL,900),
	 (7,220,'Induction','Out',2,NULL,700),
	 (8,221,'DPS','Out',3,7,700),
	 (9,230,'Rebin_Manual','Out',4,8,500),
	 (10,231,'Rebin_DAS','Out',4,8,500);
INSERT INTO task (id,skill_id,task_name,task_type,priority,dependent_task_id,task_count) VALUES
	 (11,240,'Pack','Out',5,9,600),
	 (12,260,'Gift','Out',6,11,400),
	 (13,250,'Pick to Go Paperless','Out',6,5,400),
	 (14,243,'Pack_Return','Out',7,NULL,400),
	 (15,241,'Pack_Paperless','Out',7,6,400),
	 (16,242,'Pack_Paper','Out',7,6,400),
	 (17,251,'Pick to Go Paper','Out',7,6,400),
	 (18,300,'ShipSort','Sort',8,11,700),
	 (19,500,'Maintenance','Other',9,NULL,400),
	 (20,600,'QA','Other',9,NULL,400);
INSERT INTO task (id,skill_id,task_name,task_type,priority,dependent_task_id,task_count) VALUES
	 (21,400,'Forklift','Other',9,NULL,400),
	 (22,700,'Management','Other',9,NULL,400),
	 (23,200,'Pick_Paperless (carryover)','Out',1,NULL,150),
	 (24,211,'Pick_Paper (carryover)','Out',1,NULL,150),
	 (25,220,'Induction (carryover)','Out',2,NULL,100),
	 (26,221,'DPS (carryover)','Out',3,NULL,100),
	 (27,230,'Rebin_Manual (carryover)','Out',4,NULL,80),
	 (28,231,'Rebin_DAS (carryover)','Out',4,NULL,80),
	 (29,240,'Pack (carryover)','Out',5,NULL,120),
	 (30,260,'Gift (carryover)','Out',6,NULL,60);
INSERT INTO task (id,skill_id,task_name,task_type,priority,dependent_task_id,task_count) VALUES
	 (31,250,'Pick to Go Paperless (carryover)','Out',6,NULL,60),
	 (32,243,'Pack_Return (carryover)','Out',7,NULL,60),
	 (33,241,'Pack_Paperless (carryover)','Out',7,NULL,60),
	 (34,242,'Pack_Paper (carryover)','Out',7,NULL,60),
	 (35,251,'Pick to Go Paper (carryover)','Out',7,NULL,60),
	 (36,300,'ShipSort (carryover)','Sort',8,NULL,100),
	 (37,500,'Maintenance (carryover)','Other',9,NULL,60),
	 (38,600,'QA (carryover)','Other',9,NULL,60),
	 (39,400,'Forklift (carryover)','Other',9,NULL,60),
	 (40,700,'Management (carryover)','Other',9,NULL,60);

INSERT INTO assignment (worker_id,task_id,assigned_at,status,feedback) VALUES
	 ('G7H8I9J',14,'2025-07-14 00:42:37','PENDING',NULL),
	 ('S7T8U9V',32,'2025-07-14 00:42:37','PENDING',NULL),
	 ('Q4R5S6T',35,'2025-07-14 00:42:37','PENDING',NULL),
	 ('M1N2O3P',29,'2025-07-14 00:42:37','PENDING',NULL),
	 ('U7V8W9X',28,'2025-07-14 00:42:37','PENDING',NULL),
	 ('I7J8K9L',26,'2025-07-14 00:42:37','PENDING',NULL),
	 ('A1B2C3D',1,'2025-07-14 00:42:37','PENDING',NULL),
	 ('C4D5E6F',23,'2025-07-14 00:42:37','PENDING',NULL);

     -- Auto-generated: Assign random skills and shifts to workers missing these attributes
-- The following workers had no skills or shifts assigned in the sample data:
INSERT INTO worker_skill (worker_id, skill_id, skill_level, productivity) VALUES
  ('A1B2C3Q', 120, 2, 78),
  ('A1B2C3Q', 231, 4, 91),
  ('B1C2D3E', 100, 5, 88),
  ('B1C2D3E', 221, 3, 67),
  ('B4C5D6E', 243, 2, 80),
  ('B4C5D6E', 241, 4, 95),
  ('B7C8D9E', 120, 1, 70),
  ('B7C8D9E', 260, 5, 99),
  ('C1D2E3F', 231, 3, 85),
  ('C1D2E3F', 221, 2, 74),
  ('C7D8E9F', 100, 4, 90),
  ('C7D8E9F', 211, 2, 65),
  ('D1E2F3G', 120, 3, 81),
  ('D1E2F3G', 231, 5, 97),
  ('D1E2F4G', 221, 2, 69),
  ('D1E2F4G', 231, 4, 92),
  ('D4E5F6G', 100, 1, 66),
  ('D4E5F6G', 241, 3, 88),
  ('F1G2H3I', 120, 2, 75),
  ('F1G2H3I', 221, 5, 98),
  ('F4G5H6I', 231, 3, 80),
  ('F4G5H6I', 243, 2, 70),
  ('F7G8H9I', 100, 4, 93),
  ('F7G8H9I', 221, 1, 61),
  ('G1H2I3J', 120, 3, 85),
  ('G1H2I3J', 231, 2, 77),
  ('G4H5I6J', 221, 4, 90),
  ('G4H5I6J', 241, 1, 62),
  ('H1I2J3K', 120, 2, 79),
  ('H1I2J3K', 231, 5, 99),
  ('H4I5J7K', 221, 3, 84),
  ('H4I5J7K', 231, 2, 73),
  ('H7I8J9K', 100, 4, 91),
  ('H7I8J9K', 221, 1, 65),
  ('J1K2L3M', 120, 3, 87),
  ('J1K2L3M', 231, 2, 76),
  ('J4K5L6M', 221, 4, 92),
  ('J4K5L6M', 241, 1, 68),
  ('J7K8L9M', 100, 2, 72),
  ('J7K8L9M', 231, 5, 97),
  ('K4L5M6N', 120, 3, 85),
  ('K4L5M6N', 231, 2, 74),
  ('K7L8M9N', 100, 4, 90),
  ('K7L8M9N', 221, 1, 63),
  ('L1M2N3O', 120, 2, 78),
  ('L1M2N3O', 231, 4, 91),
  ('L4M5N6O', 100, 5, 88),
  ('L4M5N6O', 221, 3, 67),
  ('L7M8N2O', 243, 2, 80),
  ('L7M8N2O', 241, 4, 95),
  ('L7M8N9O', 120, 1, 70),
  ('L7M8N9O', 260, 5, 99),
  ('N1O2P3Q', 231, 3, 85),
  ('N1O2P3Q', 221, 2, 74),
  ('N4O5P6Q', 100, 4, 90),
  ('N4O5P6Q', 211, 2, 65),
  ('N7O8P9Q', 120, 3, 81),
  ('N7O8P9Q', 231, 5, 97),
  ('O1P2Q3R', 221, 2, 69),
  ('O1P2Q3R', 231, 4, 92),
  ('O7P8Q9R', 100, 1, 66),
  ('O7P8Q9R', 241, 3, 88),
  ('P1Q2R4S', 120, 2, 75),
  ('P1Q2R4S', 221, 5, 98),
  ('P4Q5R6S', 231, 3, 80),
  ('P4Q5R6S', 243, 2, 70),
  ('Q4R5S6T', 100, 4, 93),
  ('Q4R5S6T', 221, 1, 61),
  ('R1S2T3U', 120, 3, 85),
  ('R1S2T3U', 231, 2, 77),
  ('R4S5T6U', 221, 4, 90),
  ('R4S5T6U', 241, 1, 62),
  ('R7S8T9U', 120, 2, 79),
  ('R7S8T9U', 231, 5, 99),
  ('S1T2U3V', 221, 3, 84),
  ('S1T2U3V', 231, 2, 73),
  ('S4T5U6V', 100, 4, 91),
  ('S4T5U6V', 221, 1, 65),
  ('T1U2V3W', 120, 3, 87),
  ('T1U2V3W', 231, 2, 76),
  ('T4U5V6W', 221, 4, 92),
  ('T4U5V6W', 241, 1, 68),
  ('T7U8V9W', 100, 2, 72),
  ('T7U8V9W', 231, 5, 97),
  ('V1W2X3Y', 120, 3, 85),
  ('V1W2X3Y', 231, 2, 74),
  ('V4W5X6Y', 100, 4, 90),
  ('V4W5X6Y', 221, 1, 63),
  ('V7W8X9Y', 120, 2, 78),
  ('V7W8X9Y', 231, 4, 91),
  ('W4X5Y6Z', 100, 5, 88),
  ('W4X5Y6Z', 221, 3, 67),
  ('W7X8Y9Z', 243, 2, 80),
  ('W7X8Y9Z', 241, 4, 95),
  ('X1Y2Z3A', 120, 1, 70),
  ('X1Y2Z3A', 260, 5, 99),
  ('X4Y5Z6A', 231, 3, 85),
  ('X4Y5Z6A', 221, 2, 74),
  ('X7Y8Z9A', 100, 4, 90),
  ('X7Y8Z9A', 211, 2, 65),
  ('Y1Z2A3B', 120, 3, 81),
  ('Y1Z2A3B', 231, 5, 97),
  ('Z1A2B3C', 221, 2, 69),
  ('Z1A2B3C', 231, 4, 92),
  ('Z4A5B6C', 100, 1, 66),
  ('Z4A5B6C', 241, 3, 88),
  ('Z7A8B9C', 120, 2, 75),
  ('Z7A8B9C', 221, 5, 98);

INSERT INTO worker_shift (worker_id, day_of_week, shift_id) VALUES
  ('A1B2C3Q', 'MONDAY', 2),
  ('A1B2C3Q', 'TUESDAY', 3),
  ('A1B2C3Q', 'WEDNESDAY', 1),
  ('A1B2C3Q', 'THURSDAY', 4),
  ('A1B2C3Q', 'FRIDAY', 5),
  ('B1C2D3E', 'MONDAY', 1),
  ('B1C2D3E', 'TUESDAY', 2),
  ('B1C2D3E', 'WEDNESDAY', 3),
  ('B1C2D3E', 'THURSDAY', 4),
  ('B1C2D3E', 'FRIDAY', 5),
  ('B4C5D6E', 'MONDAY', 3),
  ('B4C5D6E', 'TUESDAY', 1),
  ('B4C5D6E', 'WEDNESDAY', 2),
  ('B4C5D6E', 'THURSDAY', 5),
  ('B4C5D6E', 'FRIDAY', 4),
  ('B7C8D9E', 'MONDAY', 2),
  ('B7C8D9E', 'TUESDAY', 3),
  ('B7C8D9E', 'WEDNESDAY', 1),
  ('B7C8D9E', 'THURSDAY', 4),
  ('B7C8D9E', 'FRIDAY', 5),
  ('C1D2E3F', 'MONDAY', 1),
  ('C1D2E3F', 'TUESDAY', 2),
  ('C1D2E3F', 'WEDNESDAY', 3),
  ('C1D2E3F', 'THURSDAY', 4),
  ('C1D2E3F', 'FRIDAY', 5),
  ('C7D8E9F', 'MONDAY', 3),
  ('C7D8E9F', 'TUESDAY', 1),
  ('C7D8E9F', 'WEDNESDAY', 2),
  ('C7D8E9F', 'THURSDAY', 5),
  ('C7D8E9F', 'FRIDAY', 4),
  ('D1E2F3G', 'MONDAY', 2),
  ('D1E2F3G', 'TUESDAY', 3),
  ('D1E2F3G', 'WEDNESDAY', 1),
  ('D1E2F3G', 'THURSDAY', 4),
  ('D1E2F3G', 'FRIDAY', 5),
  ('D1E2F4G', 'MONDAY', 1),
  ('D1E2F4G', 'TUESDAY', 2),
  ('D1E2F4G', 'WEDNESDAY', 3),
  ('D1E2F4G', 'THURSDAY', 4),
  ('D1E2F4G', 'FRIDAY', 5),
  ('D4E5F6G', 'MONDAY', 3),
  ('D4E5F6G', 'TUESDAY', 1),
  ('D4E5F6G', 'WEDNESDAY', 2),
  ('D4E5F6G', 'THURSDAY', 5),
  ('D4E5F6G', 'FRIDAY', 4),
  ('F1G2H3I', 'MONDAY', 2),
  ('F1G2H3I', 'TUESDAY', 3),
  ('F1G2H3I', 'WEDNESDAY', 1),
  ('F1G2H3I', 'THURSDAY', 4),
  ('F1G2H3I', 'FRIDAY', 5),
  ('F4G5H6I', 'MONDAY', 1),
  ('F4G5H6I', 'TUESDAY', 2),
  ('F4G5H6I', 'WEDNESDAY', 3),
  ('F4G5H6I', 'THURSDAY', 4),
  ('F4G5H6I', 'FRIDAY', 5),
  ('F7G8H9I', 'MONDAY', 3),
  ('F7G8H9I', 'TUESDAY', 1),
  ('F7G8H9I', 'WEDNESDAY', 2),
  ('F7G8H9I', 'THURSDAY', 5),
  ('F7G8H9I', 'FRIDAY', 4),
  ('G1H2I3J', 'MONDAY', 2),
  ('G1H2I3J', 'TUESDAY', 3),
  ('G1H2I3J', 'WEDNESDAY', 1),
  ('G1H2I3J', 'THURSDAY', 4),
  ('G1H2I3J', 'FRIDAY', 5),
  ('G4H5I6J', 'MONDAY', 1),
  ('G4H5I6J', 'TUESDAY', 2),
  ('G4H5I6J', 'WEDNESDAY', 3),
  ('G4H5I6J', 'THURSDAY', 4),
  ('G4H5I6J', 'FRIDAY', 5),
  ('H1I2J3K', 'MONDAY', 3),
  ('H1I2J3K', 'TUESDAY', 1),
  ('H1I2J3K', 'WEDNESDAY', 2),
  ('H1I2J3K', 'THURSDAY', 5),
  ('H1I2J3K', 'FRIDAY', 4),
  ('H4I5J7K', 'MONDAY', 2),
  ('H4I5J7K', 'TUESDAY', 3),
  ('H4I5J7K', 'WEDNESDAY', 1),
  ('H4I5J7K', 'THURSDAY', 4),
  ('H4I5J7K', 'FRIDAY', 5),
  ('H7I8J9K', 'MONDAY', 1),
  ('H7I8J9K', 'TUESDAY', 2),
  ('H7I8J9K', 'WEDNESDAY', 3),
  ('H7I8J9K', 'THURSDAY', 4),
  ('H7I8J9K', 'FRIDAY', 5),
  ('J1K2L3M', 'MONDAY', 2),
  ('J1K2L3M', 'TUESDAY', 3),
  ('J1K2L3M', 'WEDNESDAY', 1),
  ('J1K2L3M', 'THURSDAY', 4),
  ('J1K2L3M', 'FRIDAY', 5),
  ('J4K5L6M', 'MONDAY', 1),
  ('J4K5L6M', 'TUESDAY', 2),
  ('J4K5L6M', 'WEDNESDAY', 3),
  ('J4K5L6M', 'THURSDAY', 4),
  ('J4K5L6M', 'FRIDAY', 5),
  ('J7K8L9M', 'MONDAY', 3),
  ('J7K8L9M', 'TUESDAY', 1),
  ('J7K8L9M', 'WEDNESDAY', 2),
  ('J7K8L9M', 'THURSDAY', 5),
  ('J7K8L9M', 'FRIDAY', 4),
  ('K4L5M6N', 'MONDAY', 2),
  ('K4L5M6N', 'TUESDAY', 3),
  ('K4L5M6N', 'WEDNESDAY', 1),
  ('K4L5M6N', 'THURSDAY', 4),
  ('K4L5M6N', 'FRIDAY', 5),
  ('K7L8M9N', 'MONDAY', 1),
  ('K7L8M9N', 'TUESDAY', 2),
  ('K7L8M9N', 'WEDNESDAY', 3),
  ('K7L8M9N', 'THURSDAY', 4),
  ('K7L8M9N', 'FRIDAY', 5),
  ('L1M2N3O', 'MONDAY', 3),
  ('L1M2N3O', 'TUESDAY', 1),
  ('L1M2N3O', 'WEDNESDAY', 2),
  ('L1M2N3O', 'THURSDAY', 5),
  ('L1M2N3O', 'FRIDAY', 4),
  ('L4M5N6O', 'MONDAY', 2),
  ('L4M5N6O', 'TUESDAY', 3),
  ('L4M5N6O', 'WEDNESDAY', 1),
  ('L4M5N6O', 'THURSDAY', 4),
  ('L4M5N6O', 'FRIDAY', 5),
  ('L7M8N2O', 'MONDAY', 1),
  ('L7M8N2O', 'TUESDAY', 2),
  ('L7M8N2O', 'WEDNESDAY', 3),
  ('L7M8N2O', 'THURSDAY', 4),
  ('L7M8N2O', 'FRIDAY', 5),
  ('L7M8N9O', 'MONDAY', 3),
  ('L7M8N9O', 'TUESDAY', 1),
  ('L7M8N9O', 'WEDNESDAY', 2),
  ('L7M8N9O', 'THURSDAY', 5),
  ('L7M8N9O', 'FRIDAY', 4),
  ('N1O2P3Q', 'MONDAY', 2),
  ('N1O2P3Q', 'TUESDAY', 3),
  ('N1O2P3Q', 'WEDNESDAY', 1),
  ('N1O2P3Q', 'THURSDAY', 4),
  ('N1O2P3Q', 'FRIDAY', 5),
  ('N4O5P6Q', 'MONDAY', 1),
  ('N4O5P6Q', 'TUESDAY', 2),
  ('N4O5P6Q', 'WEDNESDAY', 3),
  ('N4O5P6Q', 'THURSDAY', 4),
  ('N4O5P6Q', 'FRIDAY', 5),
  ('N7O8P9Q', 'MONDAY', 3),
  ('N7O8P9Q', 'TUESDAY', 1),
  ('N7O8P9Q', 'WEDNESDAY', 2),
  ('N7O8P9Q', 'THURSDAY', 5),
  ('N7O8P9Q', 'FRIDAY', 4),
  ('O1P2Q3R', 'MONDAY', 2),
  ('O1P2Q3R', 'TUESDAY', 3),
  ('O1P2Q3R', 'WEDNESDAY', 1),
  ('O1P2Q3R', 'THURSDAY', 4),
  ('O1P2Q3R', 'FRIDAY', 5),
  ('O7P8Q9R', 'MONDAY', 1),
  ('O7P8Q9R', 'TUESDAY', 2),
  ('O7P8Q9R', 'WEDNESDAY', 3),
  ('O7P8Q9R', 'THURSDAY', 4),
  ('O7P8Q9R', 'FRIDAY', 5),
  ('P1Q2R4S', 'MONDAY', 3),
  ('P1Q2R4S', 'TUESDAY', 1),
  ('P1Q2R4S', 'WEDNESDAY', 2),
  ('P1Q2R4S', 'THURSDAY', 5),
  ('P1Q2R4S', 'FRIDAY', 4),
  ('P4Q5R6S', 'MONDAY', 2),
  ('P4Q5R6S', 'TUESDAY', 3),
  ('P4Q5R6S', 'WEDNESDAY', 1),
  ('P4Q5R6S', 'THURSDAY', 4),
  ('P4Q5R6S', 'FRIDAY', 5),
  ('Q4R5S6T', 'MONDAY', 1),
  ('Q4R5S6T', 'TUESDAY', 2),
  ('Q4R5S6T', 'WEDNESDAY', 3),
  ('Q4R5S6T', 'THURSDAY', 4),
  ('Q4R5S6T', 'FRIDAY', 5),
  ('R1S2T3U', 'MONDAY', 3),
  ('R1S2T3U', 'TUESDAY', 1),
  ('R1S2T3U', 'WEDNESDAY', 2),
  ('R1S2T3U', 'THURSDAY', 5),
  ('R1S2T3U', 'FRIDAY', 4),
  ('R4S5T6U', 'MONDAY', 2),
  ('R4S5T6U', 'TUESDAY', 3),
  ('R4S5T6U', 'WEDNESDAY', 1),
  ('R4S5T6U', 'THURSDAY', 4),
  ('R4S5T6U', 'FRIDAY', 5),
  ('R7S8T9U', 'MONDAY', 1),
  ('R7S8T9U', 'TUESDAY', 2),
  ('R7S8T9U', 'WEDNESDAY', 3),
  ('R7S8T9U', 'THURSDAY', 4),
  ('R7S8T9U', 'FRIDAY', 5),
  ('S1T2U3V', 'MONDAY', 2),
  ('S1T2U3V', 'TUESDAY', 3),
  ('S1T2U3V', 'WEDNESDAY', 1),
  ('S1T2U3V', 'THURSDAY', 4),
  ('S1T2U3V', 'FRIDAY', 5),
  ('S4T5U6V', 'MONDAY', 1),
  ('S4T5U6V', 'TUESDAY', 2),
  ('S4T5U6V', 'WEDNESDAY', 3),
  ('S4T5U6V', 'THURSDAY', 4),
  ('S4T5U6V', 'FRIDAY', 5),
  ('T1U2V3W', 'MONDAY', 3),
  ('T1U2V3W', 'TUESDAY', 1),
  ('T1U2V3W', 'WEDNESDAY', 2),
  ('T1U2V3W', 'THURSDAY', 5),
  ('T1U2V3W', 'FRIDAY', 4),
  ('T4U5V6W', 'MONDAY', 2),
  ('T4U5V6W', 'TUESDAY', 3),
  ('T4U5V6W', 'WEDNESDAY', 1),
  ('T4U5V6W', 'THURSDAY', 4),
  ('T4U5V6W', 'FRIDAY', 5),
  ('T7U8V9W', 'MONDAY', 1),
  ('T7U8V9W', 'TUESDAY', 2),
  ('T7U8V9W', 'WEDNESDAY', 3),
  ('T7U8V9W', 'THURSDAY', 4),
  ('T7U8V9W', 'FRIDAY', 5),
  ('V1W2X3Y', 'MONDAY', 2),
  ('V1W2X3Y', 'TUESDAY', 3),
  ('V1W2X3Y', 'WEDNESDAY', 1),
  ('V1W2X3Y', 'THURSDAY', 4),
  ('V1W2X3Y', 'FRIDAY', 5),
  ('V4W5X6Y', 'MONDAY', 1),
  ('V4W5X6Y', 'TUESDAY', 2),
  ('V4W5X6Y', 'WEDNESDAY', 3),
  ('V4W5X6Y', 'THURSDAY', 4),
  ('V4W5X6Y', 'FRIDAY', 5),
  ('V7W8X9Y', 'MONDAY', 3),
  ('V7W8X9Y', 'TUESDAY', 1),
  ('V7W8X9Y', 'WEDNESDAY', 2),
  ('V7W8X9Y', 'THURSDAY', 5),
  ('V7W8X9Y', 'FRIDAY', 4),
  ('W4X5Y6Z', 'MONDAY', 2),
  ('W4X5Y6Z', 'TUESDAY', 3),
  ('W4X5Y6Z', 'WEDNESDAY', 1),
  ('W4X5Y6Z', 'THURSDAY', 4),
  ('W4X5Y6Z', 'FRIDAY', 5),
  ('W7X8Y9Z', 'MONDAY', 1),
  ('W7X8Y9Z', 'TUESDAY', 2),
  ('W7X8Y9Z', 'WEDNESDAY', 3),
  ('W7X8Y9Z', 'THURSDAY', 4),
  ('W7X8Y9Z', 'FRIDAY', 5),
  ('X1Y2Z3A', 'MONDAY', 3),
  ('X1Y2Z3A', 'TUESDAY', 1),
  ('X1Y2Z3A', 'WEDNESDAY', 2),
  ('X1Y2Z3A', 'THURSDAY', 5),
  ('X1Y2Z3A', 'FRIDAY', 4),
  ('X4Y5Z6A', 'MONDAY', 2),
  ('X4Y5Z6A', 'TUESDAY', 3),
  ('X4Y5Z6A', 'WEDNESDAY', 1),
  ('X4Y5Z6A', 'THURSDAY', 4),
  ('X4Y5Z6A', 'FRIDAY', 5),
  ('X7Y8Z9A', 'MONDAY', 1),
  ('X7Y8Z9A', 'TUESDAY', 2),
  ('X7Y8Z9A', 'WEDNESDAY', 3),
  ('X7Y8Z9A', 'THURSDAY', 4),
  ('X7Y8Z9A', 'FRIDAY', 5),
  ('Y1Z2A3B', 'MONDAY', 2),
  ('Y1Z2A3B', 'TUESDAY', 3),
  ('Y1Z2A3B', 'WEDNESDAY', 1),
  ('Y1Z2A3B', 'THURSDAY', 4),
  ('Y1Z2A3B', 'FRIDAY', 5),
  ('Z1A2B3C', 'MONDAY', 1),
  ('Z1A2B3C', 'TUESDAY', 2),
  ('Z1A2B3C', 'WEDNESDAY', 3),
  ('Z1A2B3C', 'THURSDAY', 4),
  ('Z1A2B3C', 'FRIDAY', 5),
  ('Z4A5B6C', 'MONDAY', 3),
  ('Z4A5B6C', 'TUESDAY', 1),
  ('Z4A5B6C', 'WEDNESDAY', 2),
  ('Z4A5B6C', 'THURSDAY', 5),
  ('Z4A5B6C', 'FRIDAY', 4),
  ('Z7A8B9C', 'MONDAY', 2),
  ('Z7A8B9C', 'TUESDAY', 3),
  ('Z7A8B9C', 'WEDNESDAY', 1),
  ('Z7A8B9C', 'THURSDAY', 4),
  ('Z7A8B9C', 'FRIDAY', 5),
  ('D7E8F9G', 'MONDAY', 2),
  ('D7E8F9G', 'TUESDAY', 4),
  ('D7E8F9G', 'WEDNESDAY', 1),
  ('D7E8F9G', 'THURSDAY', 3),
  ('D7E8F9G', 'FRIDAY', 5),
  ('P7Q8R9S', 'MONDAY', 1),
  ('P7Q8R9S', 'TUESDAY', 3),
  ('P7Q8R9S', 'WEDNESDAY', 5),
  ('P7Q8R9S', 'THURSDAY', 2),
  ('P7Q8R9S', 'FRIDAY', 4),
  ('H4I5J6K', 'MONDAY', 4),
  ('H4I5J6K', 'TUESDAY', 2),
  ('H4I5J6K', 'WEDNESDAY', 5),
  ('H4I5J6K', 'THURSDAY', 1),
  ('H4I5J6K', 'FRIDAY', 3),
  ('P1Q2R3S', 'MONDAY', 5),
  ('P1Q2R3S', 'TUESDAY', 1),
  ('P1Q2R3S', 'WEDNESDAY', 2),
  ('P1Q2R3S', 'THURSDAY', 4),
  ('P1Q2R3S', 'FRIDAY', 3);